Type,Name,Request Count,Failure Count,Median Response Time,Average Response Time,Min Response Time,Max Response Time,Average Content Size,Requests/s,Failures/s,50%,66%,75%,80%,90%,95%,98%,99%,99.9%,99.99%,100%
GET,/,1559,0,160,191.4218683773047,55.322300002444535,1487.4350000027334,4748.0,13.040895666621246,0.0,160,200,240,270,340,420,530,660,1400,1500,1500
POST,/api/task/1/update-status/,521,0,140,185.1237834937727,54.65140000160318,1709.5605000067735,17.0,4.35811843637567,0.0,140,200,230,250,350,430,530,810,1700,1700,1700
GET,/login/,50,0,71,132.16160400013905,14.929800003301352,584.8385999997845,2921.0,0.41824553132204123,0.0,80,120,180,230,370,440,580,580,580,580,580
POST,/login/,50,0,4700,3932.2916360004456,872.3070999985794,6938.226900005247,4748.0,0.41824553132204123,0.0,4700,5300,5400,5700,6000,6400,6900,6900,6900,6900,6900
GET,/project/1/,1033,0,380,487.027039109633,108.08320000069216,2597.8658000094583,24850.0,8.640952677113372,0.0,380,530,630,740,980,1200,1400,1600,2400,2600,2600
,Aggregated,3213,0,200,342.73195686297925,14.929800003301352,6938.226900005247,10415.340491752257,26.87645784275437,0.0,200,280,350,410,650,990,1400,3400,6400,6900,6900
